issuer_name,esg_score
ISUZU MOTORS LIMITED,6.8
ITALGAS S.P.A.,8.5
ITOCHU Corporation,10.0
ITO ENLTD.,7.0
ITT INC.,7.1
ITV PLC,10.0
IVANHOE MINES LTD,6.6
Iveco Group N.V.,7.1
JABIL INC.,6.2
JACK HENRY & ASSOCIATES INC.,6.6
JACKSON FINANCIAL INC.,5.6
JACOBS SOLUTIONS INC.,6.6
JAFCO Group Co. Ltd.,3.3
Japan Airlines Co. Ltd.,5.6
Japan Display Inc.,2.6
Japan Exchange Group Inc.,6.8
Japan Petroleum Exploration Co. Ltd.,5.1
JAPAN POST BANK Co.Ltd.,5.5
JAPAN POST HOLDINGS Co.Ltd.,4.9
JAPAN POST INSURANCE Co.Ltd.,5.7
JAPAN TOBACCO INC.,5.5
JARDINE CYCLE & CARRIAGE LIMITED,6.9
JARDINE MATHESON HOLDINGS LIMITED,2.8
JAZZ PHARMACEUTICALS PUBLIC LIMITED COMPANY,6.6
JB HI-FI LIMITED,7.0
J. B. HUNT TRANSPORT SERVICES INC.,8.3
JCDECAUX SE,8.2
JDE Peet's N.V.,5.4
JD SPORTS FASHION PLC,7.1
JEFFERIES FINANCIAL GROUP INC.,3.7
Jeronimo Martins SGPS S.A.,6.7
JFE Holdings Inc.,8.0
J.FRONT RETAILING Co. Ltd.,8.3
JGC HOLDINGS CORPORATION,4.7
JOHNSON CONTROLS INTERNATIONAL PLC,8.4
JOHNSON & JOHNSON,6.6
JOHNSON MATTHEY PLC,10.0
JOHN WOOD GROUP PLC,8.4
JONES LANG LASALLE INCORPORATED,8.4
JPMORGAN CHASE & CO.,6.0
J SAINSBURY PLC,10.0
JTEKT Corporation,4.2
JTOWER Inc.,3.5
Julius Baer Gruppe AG,7.2
JUNIPER NETWORKS INC.,8.4
Just Eat Takeaway.com N.V.,7.9
JYSKE BANK A/S,7.9
KAJIMA CORPORATION,6.5
Kakaku.com Inc,5.6
Kamigumi Co.Ltd.,5.1
KANEKA CORPORATION,6.5
KANSAI PAINT CO.LTD.,7.3
Kao Corporation,8.2
Kardex Holding AG,6.8
Kawasaki Heavy Industries Ltd.,8.1
Kawasaki Kisen Kaisha Ltd.,5.3
KBC ANCORA NV,9.8
KBC GROEP NV,10.0
KB Financial Group Inc.,9.3
KBR INC.,9.5
KDDI CORPORATION,10.0
Keikyu Corporation,5.6
Keio Corporation,7.9
Keisei Electric Railway Co.Ltd.,6.9
KELLANOVA,10.0
KENVUE INC.,4.9
KEPPEL CORPORATION LIMITED,10.0
KERING SA,9.1
KERRY GROUP PUBLIC LIMITED COMPANY,10.0
Kerry Logistics Network Limited,6.1
KERRY PROPERTIES LIMITED,6.2
Kesko Oyj,10.0
KEURIG DR PEPPER INC.,8.3
Kewpie Corporation,6.1
KEYCORP,6.0
KEYENCE CORPORATION,5.3
KEYERA CORP.,8.5
KEYSIGHT TECHNOLOGIES INC.,9.4
KIKKOMAN CORPORATION,7.4
KIMBERLY-CLARK CORPORATION,8.4
KINDEN CORPORATION,3.8
KINDER MORGAN INC.,8.5
KINGBOARD HOLDINGS LIMITED,6.8
KINGFISHER PLC,10.0
KINGSPAN GROUP PUBLIC LIMITED COMPANY,8.5
Kinnevik AB,10.0
KINROSS GOLD CORPORATION,6.9
Kintetsu Group Holdings Co.Ltd.,7.0
KION GROUP AG,10.0
Kirin Holdings Company Limited,8.0
KKR & CO. INC.,4.4
KLA CORPORATION,6.7
KNIGHT-SWIFT TRANSPORTATION HOLDINGS INC.,7.0
Knorr-Bremse Aktiengesellschaft,7.4
KNOWLES CORPORATION,6.2
KOBAYASHI PHARMACEUTICAL CO.LTD.,5.1
KOBE BUSSAN CO. LTD.,5.5
Kobe Steel Ltd.,8.0
KOC HOLDING ANONIM SIRKETI,4.4
KOEI TECMO HOLDINGS CO. LTD.,4.9
KOHL'S CORPORATION,7.6
KOITO MANUFACTURING CO. LTD.,5.2
KOMATSU LTD.,7.9
Komax Holding AG,6.8
KONAMI GROUP CORPORATION,8.2
Konecranes Abp,8.7
KONE Oyj,8.1
KONGSBERG GRUPPEN ASA,9.4
KONICA MINOLTA INC.,8.4
Koninklijke Ahold Delhaize N.V.,9.1
Koninklijke BAM Groep N.V.,10.0
Koninklijke KPN N.V.,10.0
Koninklijke Philips N.V.,1.5
Koninklijke Vopak N.V.,10.0
Kontoor Brands Inc.,7.0
KOREA AEROSPACE INDUSTRIES LTD.,3.1
Kornit Digital Ltd,8.5
KOSE Corporation,5.6
K+S Aktiengesellschaft,7.6
KT&G Corporation,8.1
KUBOTA CORPORATION,8.8
Kuehne + Nagel International AG,10.0
KURARAY CO.LTD.,8.4
Kurita Water Industries Ltd.,7.8
KYNDRYL HOLDINGS INC.,4.4
KYOCERA CORPORATION,7.1
Kyoto Financial Group Inc.,2.6
Kyowa Kirin Co. Ltd.,7.7
Kyushu Electric Power Company Incorporated,6.1
Kyushu Railway Company,8.5
L3HARRIS TECHNOLOGIES INC.,7.5
LABORATORY CORPORATION OF AMERICA HOLDINGS,8.1
LA FRANCAISE DES JEUX SA,7.9
L'AIR LIQUIDE SOCIETE ANONYME POUR L'ETUDE ET L'EXPLOITATION DES PROCEDES GEORGES CLAUDE SA,6.7
LAMB WESTON HOLDINGS INC.,7.6
LAM RESEARCH CORPORATION,10.0
LANCASHIRE HOLDINGS LIMITED,4.7
Landis+Gyr Group AG,7.9
LANXESS Aktiengesellschaft,7.9
LARSEN AND TOUBRO LIMITED,3.7
Lasertec Corporation,1.0
LAS VEGAS SANDS CORP.,5.1
LATTICE SEMICONDUCTOR CORPORATION,7.1
LEAR CORPORATION,6.4
LEGAL & GENERAL GROUP PLC,9.1
LEGGETT & PLATT INCORPORATED,7.9
LEG Immobilien SE,8.6
LEGRAND SA,7.4
LEIDOS HOLDINGS INC.,7.1
L E Lundbergforetagen Aktiebolag (publ),2.9
Lem Holding SA,5.9
LENNAR CORPORATION,3.5
LENNOX INTERNATIONAL INC.,9.7
LEONARDO - SOCIETA PER AZIONI,6.7
Leonteq AG,7.8
LEOPALACE21 CORPORATION,1.9
LG Corp.,4.1
LG ELECTRONICS INC.,6.6
LIBERTY BROADBAND CORPORATION,2.7
Liberty Global Ltd.,4.0
LIBERTY LATIN AMERICA LTD.,5.3
Lifco AB (publ),5.4
Lightspeed Commerce Inc,7.1
LIG Nex1 Co. Ltd.,7.8
LINCOLN NATIONAL CORPORATION,5.1
LINDE PUBLIC LIMITED COMPANY,6.3
Lion Corporation,8.2
LIVE NATION ENTERTAINMENT INC.,3.6
LIXIL Corporation,10.0
LKQ CORPORATION,9.5
LLOYDS BANKING GROUP PLC,8.1
LOBLAW COMPANIES LTD,6.7
Localiza Rent a Car S.A.,6.9
LOCKHEED MARTIN CORPORATION,7.5
LOEWS CORPORATION,3.7
Logitech international S.A.,10.0
LONDON STOCK EXCHANGE GROUP PLC,7.6
Lonza Group AG,9.7
L'OREAL SA,8.2
Lotus Bakeries NV,6.6
LOWE'S COMPANIES INC.,8.0
LPL FINANCIAL HOLDINGS INC.,6.6
LTIMindtree Ltd,6.0
L&T TECHNOLOGY SERVICES LIMITED,4.6
LUCID GROUP INC.,7.1
LULULEMON ATHLETICA INC.,7.6
LUMEN TECHNOLOGIES INC.,7.4
Lundin Mining Corporation,6.8
Luzerner Kantonalbank AG,7.4
LVMH MOET HENNESSY LOUIS VUITTON SE,7.6
LY Corporation,8.6
LYFT INC.,5.5
LYNAS RARE EARTHS LIMITED,7.9
LyondellBasell Industries N.V.,8.4
M3 Inc.,1.8
MABUCHI MOTOR CO. LTD.,6.9
MACQUARIE GROUP LIMITED.,8.5
MACY'S INC.,10.0
Magellan Financial Group Ltd,6.7
Magna International Inc.,6.7
MAINFREIGHT LIMITED,3.2
Makita Corporation,3.3
Mandatum Oyj,6.0
MANHATTAN ASSOCIATES INC.,7.4
MANPOWERGROUP INC.,6.3
MANULIFE FINANCIAL CORP,7.4
MAPFRE S.A.,8.1
MARATHON OIL CORPORATION,6.9
MARATHON PETROLEUM CORPORATION,6.0
Markel Group Inc.,1.7
MARKETAXESS HOLDINGS INC.,7.6
MARKS AND SPENCER GROUP P.L.C.,8.2
MARRIOTT INTERNATIONAL INC.,4.6
MARSH & MCLENNAN COMPANIES INC.,6.4
MARTIN MARIETTA MATERIALS INC.,7.1
Marubeni Corporation,8.8
Maruichi Steel Tube Ltd.,5.3
MARUI GROUP CO.LTD.,7.8
MARVELL TECHNOLOGY INC,8.4
MASCO CORPORATION,5.2
MASIMO CORPORATION,3.3
MASTERBRAND INC.,3.3
MASTERCARD INCORPORATED.,7.3
MATCH GROUP INC.,3.6
MATSUI SECURITIES CO. LTD.,2.4
MatsukiyoCocokara & Co.,8.5
MATTEL INC.,6.9
Mazda Motor Corporation,6.3
MCCORMICK & COMPANY INCORPORATED,8.4
MCDONALD'S CORPORATION,6.0
McDonald's Holdings Company (Japan) Ltd.,6.7
MCKESSON CORPORATION,8.3
MDU RESOURCES GROUP INC.,8.2
Mebuki Financial Group Inc.,5.0
Medacta Group SA,8.2
Medartis Holding AG,7.4
MEDIBANK PRIVATE LIMITED,6.0
MEDIOBANCA BANCA DI CREDITO FINANZIARIO SOCIETA PER AZIONI,8.3
MEDIPAL HOLDINGS CORPORATION,7.1
Medley Inc,3.9
medmix AG,6.9
MEDTRONIC PUBLIC LIMITED COMPANY,4.6
MEG Energy Corp.,7.7
Meier Tobler Group AG,4.4
Meiji Holdings Co.Ltd.,7.1
MELROSE INDUSTRIES PLC,7.14
MercadoLibre Inc.,6.5
Mercari Inc.,7.3
Mercedes-Benz Group AG,6.3
MERCK & CO. INC.,6.6
MERCK Kommanditgesellschaft auf Aktien,10.0
MERCURY NZ LIMITED,7.6
MERIDIAN ENERGY LIMITED,8.9
Metall Zug AG,7.2
META PLATFORMS INC.,2.2
METCASH LIMITED,10.0
METHANEX CORPORATION,7.6
METLIFE INC.,6.9
METRO AG,9.7
METRO INC.,7.6
METROPOLE TELEVISION SA,7.1
Metso Oyj,10.0
METTLER-TOLEDO INTERNATIONAL INC.,7.9
Meyer Burger Technology AG,5.3
MGM China Holdings Limited,6.0
MGM RESORTS INTERNATIONAL,5.3
M&G PLC,7.8
MICROCHIP TECHNOLOGY INCORPORATED,6.1
MICRON TECHNOLOGY INC.,6.8
MICROSOFT CORPORATION,9.3
MICROSTRATEGY INCORPORATED,4.8
MinebeaMitsumi Inc.,6.5
MINERAL RESOURCES LIMITED,8.5
MISUMI Group Inc.,6.1
Mitsubishi Chemical Group Corporation,8.2
Mitsubishi Corporation,6.8
Mitsubishi Electric Corporation,8.5
Mitsubishi Estate Company Limited,7.5
MITSUBISHI GAS CHEMICAL COMPANYINC.,4.3
Mitsubishi HC Capital Inc.,4.9
Mitsubishi Heavy Industries Ltd.,8.4
Mitsubishi Logistics Corporation,3.5
MITSUBISHI MATERIALS CORPORATION,8.4
MITSUBISHI MOTORS CORPORATION,4.1
Mitsubishi UFJ Financial Group Inc.,6.4
Mitsui Chemicals Inc.,8.4
MITSUI & CO. LTD.,7.1
Mitsui Fudosan Co. Ltd.,8.0
Mitsui Mining and Smelting Company Limited,7.0
Mitsui O.S.K. Lines Ltd.,5.3
MIURA CO. LTD.,8.5
MIXI Inc.,6.0
MIZRAHI TEFAHOT BANK LTD,6.4
Mizuho Financial Group Inc.,8.1
MLP SE,5.8
MOBICO GROUP PLC,7.9
mobilezone holding ag,5.5
Mobimo Holding AG,9.1
MODERNA INC.,5.0
MOHAWK INDUSTRIES INC.,4.8
Molecular Partners AG,7.9
MOLINA HEALTHCARE INC.,8.3
MOLSON COORS BEVERAGE COMPANY,8.9
MONCLER S.P.A.,10.0
Monday.Com Ltd,6.7
Mondelez International Inc.,6.3
MONDI PLC,9.4
MONGODB INC.,6.9
MONOLITHIC POWER SYSTEMS INC.,5.6
MonotaRO Co Ltd,6.6
MONSTER BEVERAGE CORPORATION,3.9
Montana Aerospace AG,4.7
MOODY'S CORPORATION,7.6
MORGAN STANLEY,7.6
MorphoSys AG,5.0
MOTOROLA SOLUTIONS INC.,6.8
MOWI ASA,8.4
MS&AD Insurance Group Holdings Inc.,7.3
M&T BANK CORPORATION,5.7
MTN GROUP LIMITED,8.3
MTR CORPORATION LIMITED,10.0
MTU Aero Engines AG,7.5
Muenchener Rueckversicherungs-Gesellschaft Aktiengesellschaft in Muenchen,9.5
Murata Manufacturing Co. Ltd.,6.8
MURPHY OIL CORPORATION,6.4
MYRIAD GENETICS INC.,5.0
Nabtesco Corporation,8.1
Nagoya Railroad Co. Ltd.,7.9
NAN YA PLASTICS CORPORATION,4.4
NASDAQ INC.,7.8
NATIONAL AUSTRALIA BANK LIMITED,6.9
NATIONAL BANK OF CANADA,10.0
NATIONAL GRID PLC,9.4
Naturgy Energy Group S.A.,10.0
NATWEST GROUP PLC,8.3
NEC Corporation,8.3
NEKTAR THERAPEUTICS,3.0
NEMETSCHEK SE,7.1
Neste Oyj,10.0
Nestle S.A.,6.3
NETAPP INC.,8.0
NETFLIX INC.,3.3
NEUROCRINE BIOSCIENCES INC.,6.1
NEWELL BRANDS INC.,6.9
NEW GOLD INC.,7.2
NEWMONT CORPORATION,7.8
NEWS CORPORATION,3.8
New World Development Company Limited,5.6
NEW YORK COMMUNITY BANCORP INC.,1.9
NEXI SPA,7.3
NEXON Co. Ltd.,4.0
NEXTERA ENERGY INC.,7.4
NEXT PLC,7.8
NGK INSULATORS LTD.,6.8
NH Foods Ltd.,4.7
NH HOTEL GROUP S.A.,7.2
NIBE Industrier AB,7.4
NICE LTD,8.3
NICHIREI CORPORATION,8.4
NIDEC CORPORATION,6.9
Nihon M&A Center Holdings Inc.,5.6
NIKE INC.,4.0
NIKON CORPORATION,10.0
Nintendo Co. Ltd.,7.3
Nippon Electric Glass Co. Ltd.,3.2
NIPPON EXPRESS HOLDINGS INC.,6.8
NIPPON PAINT HOLDINGS CO. LTD.,7.1
NIPPON SANSO HOLDINGS CORPORATION,4.5
Nippon Sheet Glass Company Limited,4.5
NIPPON STEEL CORPORATION,5.9
NIPPON TELEGRAPH AND TELEPHONE CORPORATION,7.2
Nippon Yusen Kabushiki Kaisha,7.9
Nishimatsu Construction Co. Ltd.,6.7
NISOURCE INC.,8.9
NISSAN MOTOR CO. LTD.,4.7
Nissha Co. Ltd.,7.4
Nisshinbo Holdings Inc.,6.4
NISSHIN SEIFUN GROUP INC.,5.5
NISSIN FOODS HOLDINGS CO.LTD.,6.3
Niterra Co. Ltd.,8.8
Nitori Holdings Co. Ltd.,6.3
NITTO DENKO CORPORATION,8.1
NN Group N.V.,8.0
NOF CORPORATION,2.9
NOK CORPORATION,5.5
Nokian Renkaat Oyj,10.0
Nokia Oyj,10.0
Nomura Holdings Inc.,8.5
Nomura Real Estate Holdings Inc.,6.2
Nomura Research Institute Ltd.,10.0
Nordea Bank Abp,7.6
Nordex SE,6.2
NORDSON CORPORATION,6.5
NORDSTROM INC.,7.3
NORFOLK SOUTHERN CORPORATION,5.8
Norsk Hydro ASA,8.5
NORTHERN STAR RESOURCES LTD,7.8
NORTHERN TRUST CORPORATION,7.5
NORTHLAND POWER INC.,7.3
Northrop Grumman Corporation,7.8
NORWEGIAN AIR SHUTTLE ASA,5.9
NORWEGIAN CRUISE LINE HOLDINGS LTD.,6.2
NOS SGPS S.A.,7.0
Novartis AG,7.5
NOVAVAX INC.,2.9
NOV INC.,6.7
NOVOCURE LIMITED,6.9
NOVO NORDISK A/S,8.6
NOVOZYMES A/S,8.6
NOW INC.,7.1
NRG ENERGY INC.,3.6
NSK Ltd.,6.4
NTN CORPORATION,7.6
NTT DATA GROUP CORPORATION,6.7
NUANCE COMMUNICATIONS INC.,6.1
NUCOR CORPORATION,8.5
NUFARM LIMITED,7.6
Nutrien Ltd.,8.5
NVENT ELECTRIC PLC,5.8
NVIDIA CORPORATION,9.1
NVR Inc.,6.0
NWS HOLDINGS LIMITED,6.9
NXP Semiconductors N.V.,9.4
NYRSTAR NV,3.0
OBAYASHI CORPORATION,8.1
OBIC Co.Ltd.,3.6
OCADO GROUP PLC,7.9
OCCIDENTAL PETROLEUM CORPORATION,6.4
OCI N.V.,7.1
OC Oerlikon Corporation AG Pfaeffikon,8.5
Odakyu Electric Railway Co.Ltd.,7.2
Oersted A/S,10.0
OGE ENERGY CORP.,6.2
Oji Holdings Corporation,5.6
OKTA INC.,6.2
OLD DOMINION FREIGHT LINE INC.,7.9
OLD REPUBLIC INTERNATIONAL CORPORATION,5.0
OLYMPUS CORPORATION,3.8
OMNICOM GROUP INC.,5.3
OMRON Corporation,9.4
OMV Aktiengesellschaft,9.0
ONEOK INC.,9.0
ONEX CORPORATION,3.3
ONO PHARMACEUTICAL CO. LTD.,7.3
ON SEMICONDUCTOR CORPORATION,6.8
ONWARD HOLDINGS CO. LTD.,1.5
Open House Group Co.LTD.,6.0
Open Text Corporation,9.3
ORACLE CORPORATION,7.1
ORACLE CORPORATION JAPAN,6.4
ORANGE BELGIUM SA,4.9
ORANGE SA,6.7
O'Reilly Automotive Inc.,4.0
ORGANON & CO.,6.1
ORICA LIMITED,8.8
ORIENTAL LAND CO.LTD.,8.4
ORIENT OVERSEAS (INTERNATIONAL) LIMITED,3.8
ORIGIN ENERGY LIMITED,5.8
Orion Oyj,7.5
ORIX CORPORATION,7.8
ORKLA ASA,10.0
ORORA LIMITED,8.3
Orron Energy AB,7.6
OSAKA GAS CO. LTD.,7.1
OSAKA Titanium technologies Co.Ltd.,5.3
OSHKOSH CORPORATION,10.0
OTIS WORLDWIDE CORPORATION,6.7
OTSUKA CORPORATION,6.7
Otsuka Holdings Co. Ltd.,7.0
Outokumpu Oyj,7.8
OVERSEA-CHINESE BANKING CORPORATION LIMITED,7.4
OVINTIV INC.,9.7
OWENS CORNING,8.2
PACCAR INC,5.0
PACIFIC BASIN SHIPPING LIMITED,5.0
PACKAGING CORPORATION OF AMERICA,4.8
PALADIN ENERGY LTD,7.4
PALANTIR TECHNOLOGIES INC.,2.4
PALO ALTO NETWORKS INC.,7.6
Pan American Silver Corp.,4.4
Panasonic Holdings Corporation,8.57
Pandora A/S,10.0
Pan Ocean Co. Ltd.,3.8
Pan Pacific International Holdings Corporation,8.0
PARAMOUNT GLOBAL,6.9
PARKER-HANNIFIN CORPORATION,5.5
PARKLAND CORPORATION.,8.3
PARTNER COMMUNICATIONS COMPANY LTD.,7.9
Partners Group Holding AG,6.9
PATTERSON COMPANIES INC.,10.0
PATTERSON-UTI ENERGY INC.,3.3
PAYCHEX INC.,7.3
PAYCOM SOFTWARE INC.,6.8
PAYPAL HOLDINGS INC.,6.6
PCCW LIMITED,7.0
Peach Property Group AG,6.3
PEARSON PLC,8.5
AUTODESK INC.,10.0
AUTOLIV INC.,3.0
AUTOMATIC DATA PROCESSING INC.,9.8
AUTONATION INC.,6.2
Autoneum Holding AG,6.4
AUTOZONE INC.,6.5
AVANGRID INC.,9.3
AVANTOR INC.,7.7
AVERY DENNISON CORPORATION,7.6
AviChina Industry & Technology Company Limited,1.4
AVIVA PLC,10.0
AVNET INC.,9.1
Avolta AG,6.8
AXA SA,9.0
AXIS CAPITAL HOLDINGS LIMITED,5.3
AXON ENTERPRISE INC.,8.2
Azbil Corporation,10.0
AZRIELI GROUP LTD.,3.7
B2GOLD CORP.,7.8
BABCOCK INTERNATIONAL GROUP PLC,6.7
Bachem Holding AG,5.4
BAE SYSTEMS PLC,8.2
BAKER HUGHES COMPANY,7.8
BALFOUR BEATTY PLC,7.6
BALL CORPORATION,7.8
Baloise Holding AG,8.1
BANCA MONTE DEI PASCHI DI SIENA S.P.A.,3.6
Banco Bilbao Vizcaya Argentaria S.A.,8.3
BANCO BPM SOCIETA PER AZIONI,6.9
Banco de Sabadell S.A.,8.3
Banco Santander S.A.,7.9
Bandai Namco Holdings Inc.,6.2
BANDHAN BANK LIMITED,6.2
BANK HAPOALIM B.M.,8.1
BANKINTER S.A.,6.9
BANK LEUMI LE ISRAEL B.M.,6.7
BANK OF AMERICA CORPORATION,6.2
BANK OF IRELAND GROUP PUBLIC LIMITED COMPANY,6.9
BANK OF MONTREAL,7.6
BANPU PUBLIC COMPANY LIMITED,7.7
Banque Cantonale de Geneve,4.5
Banque Cantonale du Valais,5.5
Banque Cantonale Vaudoise,7.9
BARCLAYS PLC,8.1
BARRATT DEVELOPMENTS P L C,9.1
BARRICK GOLD CORP,4.4
Barry Callebaut AG,7.4
Basellandschaftliche Kantonalbank,8.3
BASF SE,6.4
Basilea Pharmaceutica AG Allschwil,2.9
Basler Kantonalbank,6.9
BATH & BODY WORKS INC.,7.0
BAUSCH HEALTH COMPANIES INC.,7.5
BAWAG Group AG,9.0
BAXTER INTERNATIONAL INC.,6.2
BayCurrent Consulting Inc.,4.0
Bayer Aktiengesellschaft,6.4
Bayerische Motoren Werke Aktiengesellschaft,7.5
BAYTEX ENERGY CORP.,5.1
BCE Inc.,5.3
Bechtle AG,6.4
BECTON DICKINSON AND COMPANY,5.6
Beiersdorf Aktiengesellschaft,6.9
Beijer Ref AB (publ),6.6
Bekaert NV,7.8
Belimo Holding AG,8.4
Bell Food Group AG,7.4
BELLWAY P L C,8.4
BENDIGO AND ADELAIDE BANK LIMITED,7.1
BENTLEY SYSTEMS INCORPORATED,6.0
BERKSHIRE HATHAWAY INC.,3.2
Berner Kantonalbank AG,6.9
BE Semiconductor Industries N.V.,7.7
BEST BUY CO. INC.,10.0
BEZEQ THE ISRAELI TELECOMMUNICATION CORP LTD,7.7
BHARAT HEAVY ELECTRICALS LIMITED,1.5
BHP GROUP LIMITED,6.7
Bilfinger SE,5.2
BILL HOLDINGS INC.,5.4
BIOGEN INC.,7.5
BIOMARIN PHARMACEUTICAL INC.,4.3
BIOMERIEUX SA,7.2
BIO-RAD LABORATORIES INC.,4.9
BIO-TECHNE CORPORATION,5.9
BKW AG,5.6
BlackBerry Limited,8.1
BLACKROCK INC.,6.1
Blackstone Inc,3.6
BLOCK INC.,3.4
BLUESCOPE STEEL LIMITED,8.2
B&M European Value Retail S.A.,6.4
BNP PARIBAS SA,7.9
BOC HONG KONG (HOLDINGS) LIMITED,8.1
Boliden AB,10.0
BOLLORE SE,3.8
BOMBARDIER INC.,2.7
BOOKING HOLDINGS INC.,6.4
Capri Holdings Limited,5.8
BOOZ ALLEN HAMILTON HOLDING CORPORATION,4.4
BORGWARNER INC.,7.0
Bossard Holding AG,5.9
BOSTON SCIENTIFIC CORPORATION,4.6
BOUYGUES SA,8.5
BPER BANCA S.P.A.,7.9
BPOST SA,6.3
BP P.L.C.,6.2
BRAMBLES LIMITED,10.0
BREAD FINANCIAL HOLDINGS INC.,5.2
Brenntag SE,5.9
BRIDGESTONE CORPORATION,10.0
BRIGHTHOUSE FINANCIAL INC.,3.7
BRISTOL-MYERS SQUIBB COMPANY,7.0
BRITISH AMERICAN TOBACCO P.L.C.,6.6
BROADCOM INC.,5.9
BROADRIDGE FINANCIAL SOLUTIONS INC.,8.3
BROOKFIELD ASSET MANAGEMENT LTD,5.0
Brookfield Corporation,7.5
BROOKFIELD RENEWABLE CORPORATION,7.3
BROTHER INDUSTRIES LTD.,8.3
BROWN & BROWN INC.,5.7
BROWN-FORMAN CORPORATION,7.4
BRP Inc.,4.1
BT GROUP PLC,8.5
Bucher Industries AG,5.6
BUDWEISER BREWING COMPANY APAC LIMITED,8.5
BUILDERS FIRSTSOURCE INC.,7.0
Bunge Global SA,10.0
BUNZL PUBLIC LIMITED COMPANY,8.5
BURBERRY GROUP PLC,10.0
Burckhardt Compression Holding AG,7.4
BUREAU VERITAS SA,7.3
Burkhalter Holding AG,6.9
BURLINGTON STORES INC.,8.0
Bystronic AG,3.9
CABLE ONE INC.,9.8
CADENCE DESIGN SYSTEMS INC.,8.1
CAE INC.,9.4
CAESARS ENTERTAINMENT INC.,6.2
Caixabank S.A.,7.1
CAMECO CORP,8.4
CAMPBELL SOUP COMPANY,8.4
CANADIAN IMPERIAL BANK OF COMMERCE,8.3
CANADIAN NATIONAL RAILWAY CO,8.5
CANADIAN NATURAL RESOURCES LIMITED,6.4
CANADIAN PACIFIC KANSAS CITY LTD,6.3
CANADIAN TIRE CORPORATION LIMITED,8.3
CANADIAN UTILITIES LIMITED,6.2
CANON INC.,5.5
Canon Marketing Japan Inc.,7.1
Canopy Growth Corporation,4.8
CAPCOM CO. LTD.,6.4
CAPGEMINI SE,6.9
CAPITALAND INVESTMENT LIMITED,9.5
CAPITAL ONE FINANCIAL CORPORATION,6.3
CAPITA PLC,5.9
CARDINAL HEALTH INC.,8.3
Cargotec Oyj,8.2
CAR GROUP LIMITED,5.8
CARLISLE COMPANIES INCORPORATED,5.2
CARLSBERG A/S,8.7
Carl Zeiss Meditec AG,6.9
CarMax Inc.,7.8
Carnival Corporation,2.6
CARNIVAL PLC,2.8
CARREFOUR SA,7.9
CARRIER GLOBAL CORPORATION,8.5
CARS.COM INC.,5.6
CARVANA CO.,4.0
CASINO GUICHARD-PERRACHON SA,7.3
CASIO COMPUTER CO.LTD.,4.5
Castellum Aktiebolag,9.5
CATALENT INC.,5.7
CATERPILLAR INC.,7.1
CATHAY FINANCIAL HOLDING CO. LTD.,8.3
Cboe Global Markets Inc.,6.8
CBRE GROUP INC.,9.8
C & C GROUP PUBLIC LIMITED COMPANY,8.0
CCL INDUSTRIES INC.,3.0
CDW CORPORATION,6.2
CECONOMY AG,7.0
CELANESE CORPORATION,5.5
CELLCOM ISRAEL LTD.,6.7
Cellnex Telecom S.A.,8.1
CELSIUS HOLDINGS INC.,3.0
Cembra Money Bank AG,10.0
CENCORA INC.,8.3
Cenovus Energy Inc.,6.7
CENTENE CORPORATION,8.1
CENTERPOINT ENERGY INC.,6.0
Centerra Gold Inc.,5.0
Central Japan Railway Company,5.6
CENTRICA PLC,8.1
CERIDIAN HCM HOLDING INC.,7.8
CF INDUSTRIES HOLDINGS INC.,5.6
CGG SA,7.8
CGI INC.,7.4
CHAMPIONX CORPORATION,6.9
CHARLES RIVER LABORATORIES INTERNATIONAL INC.,4.6
CHARTER COMMUNICATIONS INC.,5.6
CHECK POINT SOFTWARE TECHNOLOGIES LTD.,7.1
CHENIERE ENERGY INC.,8.5
CHESAPEAKE ENERGY CORPORATION,4.2
CHEVRON CORPORATION,7.1
CHEWY INC.,3.0
China Merchants Port Holdings Company Limited,4.2
CHINA OVERSEAS LAND & INVESTMENT LTD.,4.5
China Resources Beer (Holdings) Company Limited,5.4
China Spacesat Co. Ltd.,2.7
China Traditional Chinese Medicine Holdings Co. Limited,3.9
CHINESE ESTATES HOLDINGS LIMITED,6.7
CHIPOTLE MEXICAN GRILL INC.,5.71
Chiyoda Corporation,4.5
Chocoladefabriken Lindt & Spruengli AG,7.1
CHORD ENERGY CORPORATION,3.6
CHOW TAI FOOK JEWELLERY GROUP LIMITED,5.9
C.H. ROBINSON WORLDWIDE INC.,10.0
Chubb Limited,5.0
Chubu Electric Power Company Incorporated,5.7
CHUGAI PHARMACEUTICAL CO. LTD.,8.2
Chunghwa Telecom Co. Ltd.,7.7
CHURCH & DWIGHT CO. INC.,8.4
CI Financial Corp.,3.9
CINCINNATI FINANCIAL CORPORATION,3.3
CINTAS CORPORATION,6.4
CISCO SYSTEMS INC.,7.7
CITIGROUP INC.,7.1
CITIZENS FINANCIAL GROUP INC.,6.7
Citizen Watch Co. Ltd.,5.6
CITY DEVELOPMENTS LIMITED,9.8
CK ASSET HOLDINGS LIMITED,5.6
CK HUTCHISON HOLDINGS LIMITED,5.4
CK INFRASTRUCTURE HOLDINGS LIMITED,4.2
CK Power Public Company Limited,5.5
Clariant AG,8.1
CLARIVATE PLC,7.6
CLEVELAND-CLIFFS INC.,5.6
CLOUDFLARE INC.,4.0
CLP HOLDINGS LIMITED,7.5
CME GROUP INC.,4.6
CMS ENERGY CORPORATION,7.5
CNH Industrial N.V.,9.7
COAL INDIA LTD,0.4
Coca-Cola Bottlers Japan Holdings Inc.,5.2
COCA-COLA EUROPACIFIC PARTNERS PLC,8.9
Coca-Cola HBC AG,8.7
COCHLEAR LIMITED,10.0
COGNEX CORPORATION,5.9
COGNIZANT TECHNOLOGY SOLUTIONS CORPORATION,6.3
COINBASE GLOBAL INC.,2.9
COLES GROUP LIMITED,8.2
COLGATE-PALMOLIVE COMPANY,6.2
COLOPLAST A/S,8.2
Colruyt Group NV,7.9
COLTENE Holding AG,6.2
COMCAST CORPORATION,5.1
COMERICA INCORPORATED,6.0
Comet Holding AG,6.8
COMFORTDELGRO CORPORATION LIMITED,8.5
Commerzbank Aktiengesellschaft,7.4
COMMONWEALTH BANK OF AUSTRALIA,8.3
COMMSCOPE HOLDING COMPANY INC.,8.4
COMMUNITY HEALTH SYSTEMS INC.,4.0
COMPAGNIE DE SAINT-GOBAIN SA,7.1
COMPAGNIE GENERALE DES ETABLISSEMENTS MICHELIN SCA,10.0
COMPASS GROUP PLC,7.0
COMPUTERSHARE LIMITED,9.0
COMSYS Holdings Corporation,5.8
CONAGRA BRANDS INC.,7.9
Concordia Financial Group Ltd.,7.9
CONDUENT INCORPORATED,2.4
CONFLUENT INC.,7.9
CONOCOPHILLIPS,7.5
CONSOLIDATED EDISON INC.,6.9
CONSTELLATION BRANDS INC.,7.0
CONSTELLATION ENERGY CORPORATION.,4.5
Constellation Software Inc.,5.2
CONTACT ENERGY LIMITED,8.5
Continental Aktiengesellschaft,6.7
CONVATEC GROUP PLC,10.0
COPART INC.,6.0
CORNING INCORPORATED,5.0
CORPORACION ACCIONA ENERGIAS RENOVABLES SA,9.4
CORPORATION NUVEI,5.9
CORTEVA INC.,5.6
COSMO Pharmaceuticals N.V.,3.4
COSMOS Pharmaceutical Corporation,5.6
COSTAR GROUP INC.,4.1
COSTCO WHOLESALE CORPORATION,6.7
Coterra Energy Inc.,5.6
COTY INC.,2.9
Covestro AG,6.9
CREDIT AGRICOLE SA,7.4
Credit Saison Co.Ltd.,7.0
CRESCENT POINT ENERGY CORP.,8.3
10X Genomics Inc,4.6
3I GROUP PLC,9.7
3M COMPANY,9.5
A2A S.P.A.,5.6
A2 Milk Company Ltd,7.1
AAC TECHNOLOGIES HOLDINGS INC.,6.5
Aalberts N.V.,6.4
ABB Ltd,10.0
ABBOTT LABORATORIES,4.6
ABBVIE INC.,5.0
ABC-MARTINC.,2.2
ABERCROMBIE & FITCH CO.,5.71
ABRDN PLC,7.5
AB Sagax,8.3
Accelleron Industries AG,2.3
ACCENTURE PUBLIC LIMITED COMPANY,7.4
Acciona S.A.,8.0
ACCOR SA,6.9
Acerinox S.A.,7.0
ACKERMANS & VAN HAAREN NV,5.2
ACS Actividades de Construccion y Servicios S.A.,8.1
ACTIVISION BLIZZARD INC.,5.6
ACUITY BRANDS INC.,10.0
Addtech AB,6.1
Adecco Group AG,6.8
ADIDAS AG,8.7
ADIENT PUBLIC LIMITED COMPANY,3.6
ADLINK TECHNOLOGY INC.,3.3
ADMIRAL GROUP PLC,8.3
ADOBE INC.,10.0
ADVANCE AUTO PARTS INC.,7.0
ADVANCED MICRO DEVICES INC.,7.8
ADVANSIX INC.,5.1
ADVANTEST CORPORATION,7.7
Adyen N.V.,6.8
AECOM,6.3
Aegon Ltd,7.4
Aena SME S.A.,6.5
AEON CO.LTD.,8.2
AEON Financial Service Co. Ltd.,3.0
AEON Mall Co. Ltd.,5.1
AerCap Holdings N.V.,7.6
AEROPORTS DE PARIS SA,8.4
AFFILIATED MANAGERS GROUP INC.,6.9
Affirm Holdings Inc,3.2
AFLAC INCORPORATED,4.9
AfreecaTV Co. Ltd.,4.2
AGC Inc.,7.0
AGCO CORPORATION,7.4
AGEAS SA,7.9
AGFA-GEVAERT NV,6.5
AGILENT TECHNOLOGIES INC.,7.9
AGL ENERGY LIMITED,4.1
AIA Group Limited,8.0
AIB GROUP PUBLIC LIMITED COMPANY,7.6
AIFUL CORPORATION,5.2
AIRBNB INC.,3.6
Airbus SE,5.5
AIR CANADA,7.1
AIR PRODUCTS AND CHEMICALS INC.,5.5
AIR WATER INC.,5.5
AISIN CORPORATION,1.8
Ajinomoto Co. Inc.,9.5
AKAMAI TECHNOLOGIES INC.,7.4
AKER BP ASA,6.9
Aktiebolaget Electrolux,7.6
Aktiebolaget Industrivarden,4.6
Aktiebolaget SKF,7.7
Aktiebolaget Volvo,8.2
Akzo Nobel N.V.,10.0
ALBEMARLE CORPORATION,6.3
ALBERTSONS COMPANIES INC.,5.5
ALCOA CORPORATION,6.4
Alcon AG,10.0
ALD SA,5.9
Alfa Laval AB,8.5
Alfresa Holdings Corporation,6.3
ALGONQUIN POWER & UTILITIES CORP.,9.1
ALIGN TECHNOLOGY INC.,6.2
ALIMENTATION COUCHE-TARD INC.,8.2
ALKERMES PUBLIC LIMITED COMPANY,5.7
ALLEGHANY CORPORATION,4.2
ALLEGION PUBLIC LIMITED COMPANY,8.5
Alleima AB,5.9
ALLIANT ENERGY CORPORATION,7.6
Allianz SE,8.3
Allreal Holding AG,7.3
ALLY FINANCIAL INC.,6.7
ALNYLAM PHARMACEUTICALS INC.,6.8
ALPHABET INC.,4.7
ALPHA SERVICES AND HOLDINGS S.A.,6.4
ALPS ALPINE CO. LTD.,7.4
ALS LIMITED,7.8
ALSO Holding AG,3.5
ALSTOM SA,7.4
AltaGas Ltd.,7.8
ALTEN SA,6.4
ALTICE USA INC.,2.9
Altria Group Inc.,6.1
AMADA CO.LTD.,7.3
Amadeus IT Group S.A.,10.0
AMAZON.COM INC.,4.6
AMBU A/S,7.4
AMC ENTERTAINMENT HOLDINGS INC.,5.1
AMCOR PLC,7.8
AMEREN CORPORATION,7.1
AMERICAN AIRLINES GROUP INC.,5.6
AMERICAN EAGLE OUTFITTERS INC.,6.8
AMERICAN ELECTRIC POWER COMPANY INC.,6.7
AMERICAN EXPRESS COMPANY,7.4
AMERICAN FINANCIAL GROUP INC.,2.7
AMERICAN INTERNATIONAL GROUP INC.,4.8
AMERICAN WATER WORKS COMPANY INC.,7.3
AMERIPRISE FINANCIAL INC.,6.1
AMETEK INC.,4.6
AMGEN INC.,7.9
AMPHENOL CORPORATION,6.2
AMPLIFON S.P.A.,8.3
AMP LIMITED,5.8
AMPOL LIMITED,7.6
ams-OSRAM AG,4.4
AMUNDI SA,7.2
ANA HOLDINGS INC.,8.5
ANALOG DEVICES INC.,5.5
Andritz AG,8.1
ANGLO AMERICAN PLC,8.3
ANHEUSER-BUSCH INBEV SA,8.3
ANSELL LIMITED,7.9
ANSYS INC.,8.3
ANTERO RESOURCES CORPORATION,8.3
ANTOFAGASTA PLC,7.7
ANYWHERE REAL ESTATE INC.,8.4
ANZ GROUP HOLDINGS LIMITED,7.4
Aon plc,5.5
A. O. SMITH CORPORATION,4.8
Aozora Bank Ltd.,6.0
APA CORPORATION,6.9
APERAM SA,8.8
APG SGA SA,6.2
A.P. MOELLER - MAERSK A/S,7.6
APOLLO GLOBAL MANAGEMENT INC.,5.3
APPLE INC.,5.7
APPLIED MATERIALS INC.,10.0
APPLOVIN CORPORATION,3.1
APTIV PLC,8.2
ARAMARK,7.0
Arbonia AG,5.5
ArcelorMittal SA,4.0
ARCH CAPITAL GROUP LTD.,5.0
ARCHER-DANIELS-MIDLAND COMPANY.,7.4
ARCONIC CORPORATION,7.7
ARC RESOURCES LTD,10.0
ARES MANAGEMENT CORPORATION,4.2
argenx SE,6.8
ARIAKE JAPAN Co.Ltd.,2.4
ARISTA NETWORKS INC.,7.1
ARISTOCRAT LEISURE LIMITED,8.3
ARKEMA SA,6.3
ARNOLDO MONDADORI EDITORE SPA,5.8
Aroundtown SA,6.7
ARROW ELECTRONICS INC.,5.9
ARTHUR J. GALLAGHER & CO.,4.3
ARYZTA AG,6.6
Asahi Group Holdings Ltd.,8.3
ASAHI INTECC CO. LTD.,6.4
ASAHI KASEI CORPORATION,9.8
Ascom Holding AG,5.8
ASHTEAD GROUP PUBLIC LIMITED COMPANY,7.6
ASICS Corporation,8.5
ASM International N.V.,7.8
ASML Holding N.V.,10.0
ASMPT Limited,7.7
ASPEN TECHNOLOGY INC.,7.4
ASR Nederland N.V.,8.3
ASSA ABLOY AB,7.9
ASSICURAZIONI GENERALI SOCIETA PER AZIONI,10.0
ASSOCIATED BANC-CORP,5.7
ASSOCIATED BRITISH FOODS PLC,7.9
ASSURANT INC.,7.0
Astellas Pharma Inc.,8.4
ASTRAZENECA PLC,7.3
ASUSTEK COMPUTER INCORPORATION,5.7
ASX LIMITED,8.8
ATCO LTD.,4.9
ATHABASCA OIL CORPORATION,6.9
ATI Inc.,6.3
ATLANTA BRAVES HOLDINGS INC.,5.1
Atlas Copco Aktiebolag,7.4
ATLASSIAN CORPORATION,8.3
ATMOS ENERGY CORPORATION,6.0
Atmus Filtration Technologies Inc,3.6
ATOS SE,9.5
Atresmedia Corporacion de Medios de Comunicacion S.A.,5.6
AT&T INC.,5.0
AUCKLAND INTERNATIONAL AIRPORT LIMITED,7.3
AUO Corporation,6.9
AURIZON HOLDINGS LIMITED,8.5
AUTOBACS SEVEN CO.LTD.,4.8
PEDIATRIX MEDICAL GROUP INC.,7.1
PELOTON INTERACTIVE INC.,1.9
PEMBINA PIPELINE CORPORATION,7.6
PENNON GROUP PLC,7.3
PENTAIR PUBLIC LIMITED COMPANY,10.0
Pepsico Inc.,7.2
PeptiDream Inc.,3.6
PERMANENT TSB GROUP HOLDINGS PUBLIC LIMITED COMPANY,5.2
PERNOD RICARD SA,8.5
PERPETUAL LIMITED,8.9
PERRIGO COMPANY PUBLIC LIMITED COMPANY,5.9
PERSIMMON PUBLIC LIMITED COMPANY,6.5
PERSOL HOLDINGS CO.LTD.,8.5
PETROFAC LIMITED,8.4
PEYTO EXPLORATION & DEVELOPMENT CORP.,5.4
PFIZER INC.,6.8
PG&E CORPORATION,4.3
Philip Morris International Inc.,5.2
PHILLIPS 66,7.9
PHINIA INC.,3.6
PHOENIX GROUP HOLDINGS PLC,8.0
PIGEON CORPORATION,5.6
PILBARA MINERALS LIMITED,8.0
PINNACLE WEST CAPITAL CORPORATION,7.6
PINTEREST INC.,1.7
PIONEER NATURAL RESOURCES COMPANY,7.8
PIRELLI & C. S.P.A.,7.9
PITNEY BOWES INC.,6.8
PLAINS GP HOLDINGS L.P,3.3
PLUG POWER INC.,7.3
Pola Orbis Holdings Inc,3.8
POLARIS INC.,5.3
PolyPeptide Group AG,2.8
POOL CORPORATION,7.8
POONGSAN CORPORATION,2.1
POSCO Holdings Inc.,5.6
POSTE ITALIANE - SOCIETA PER AZIONI,8.0
PostNL N.V.,8.9
Power Assets Holdings Limited,6.2
POWER CORPORATION OF CANADA,6.6
POWER FINANCIAL CORP,3.0
POWERTECH TECHNOLOGY INC.,2.2
PPG INDUSTRIES INC.,8.4
PPL CORPORATION,5.1
PRAIRIESKY ROYALTY LTD.,9.4
PRINCIPAL FINANCIAL GROUP INC.,6.9
PRIO S.A.,3.7
Pro Medicus Ltd,5.4
ProSiebenSat.1 Media SE,7.6
Prosus N.V.,7.8
PROXIMUS NV,5.1
PRUDENTIAL FINANCIAL INC.,8.3
PRUDENTIAL PUBLIC LIMITED COMPANY,7.8
PRYSMIAN S.P.A.,6.5
PSP Swiss Property AG,9.2
PT Astra International Tbk,4.6
PTC INC.,8.3
PUBLICIS GROUPE SA,7.8
PUBLIC POWER CORPORATION S.A.,4.6
PUBLIC SERVICE ENTERPRISE GROUP INCORPORATED,9.1
PULTEGROUP INC.,6.5
PUMA SE,10.0
PURE STORAGE INC.,5.5
PVH CORP.,8.3
QANTAS AIRWAYS LIMITED,7.1
QBE INSURANCE GROUP LIMITED,10.0
QORVO INC.,6.9
QUADIENT S.A.,8.4
QUALCOMM INCORPORATED,6.9
QUANEX BUILDING PRODUCTS CORPORATION,5.8
QUANTA SERVICES INC.,8.4
QUBE HOLDINGS LIMITED,7.5
QUEBECOR INC.,4.0
QUEST DIAGNOSTICS INCORPORATED,8.8
QURATE RETAIL INC.,3.5
Raiffeisen Bank International AG,7.1
Rakuten Group Inc.,8.5
RALPH LAUREN CORPORATION,5.0
RAMSAY HEALTH CARE LIMITED,8.3
Randstad N.V.,7.3
RANGE RESOURCES CORPORATION,8.3
RATIONAL Aktiengesellschaft,5.8
Ratos AB,3.6
RAYMOND JAMES FINANCIAL INC.,6.1
RB Global Inc,8.6
REACH PLC,8.7
REA GROUP LTD,8.3
RECKITT BENCKISER GROUP PLC,7.6
RECORDATI INDUSTRIA CHIMICA E FARMACEUTICA S.P.A.,5.9
Recruit Holdings Co.Ltd.,8.3
REC SILICON ASA,4.7
RECTICEL NV,7.8
REDEIA CORPORACION S.A.,10.0
REDROW PLC,8.5
REECE LIMITED,6.3
REGENERON PHARMACEUTICALS INC.,6.8
REGIONS FINANCIAL CORPORATION,7.9
Reinet Investments S.C.A.,4.2
RELIANCE STEEL & ALUMINUM CO.,5.6
RELX PLC,10.0
REMY COINTREAU SA,8.0
RENAISSANCERE HOLDINGS LTD.,4.0
RENAULT SA,5.3
Renesas Electronics Corporation,8.1
RENTOKIL INITIAL PLC,8.2
REPLIGEN CORPORATION,8.2
Repsol S.A.,7.1
REPUBLIC SERVICES INC.,5.8
RESIDEO TECHNOLOGIES INC.,10.0
RESMED INC.,6.2
Resonac Holdings Corporation,6.8
Resona Holdings Inc.,6.2
Restaurant Brands International Inc.,5.7
REVVITY INC.,6.2
REXEL SA,10.0
Rheinmetall Aktiengesellschaft,7.5
RICOH COMPANYLTD.,7.7
Rieter Holding AG,6.1
RIGHTMOVE PLC,7.5
RINGCENTRAL INC.,8.1
RINNAI CORPORATION,5.2
RIO TINTO LIMITED,7.0
RIO TINTO PLC,7.0
RIVIAN AUTOMOTIVE INC.,7.6
ROBERT HALF INC.,7.3
ROBINHOOD MARKETS INC.,7.1
ROBLOX CORPORATION,2.7
Roche Holding AG,6.1
ROCKWELL AUTOMATION INC.,7.3
ROCKWOOL A/S,7.3
ROGERS COMMUNICATIONS INC,6.0
ROHM COMPANY LIMITED,7.8
ROHTO PHARMACEUTICAL CO.LTD.,4.0
ROKU INC.,3.8
ROLLINS INC.,4.4
ROLLS-ROYCE HOLDINGS PLC,7.1
ROPER TECHNOLOGIES INC.,5.7
ROSS STORES INC.,4.5
ROYAL BANK OF CANADA,8.3
ROYAL CARIBBEAN CRUISES LTD.,3.2
ROYALTY PHARMA PLC,5.7
RPM INTERNATIONAL INC.,5.7
RS GROUP PLC,8.2
RTX CORPORATION,6.7
RUBIS SCA,8.5
RWE Aktiengesellschaft,6.1
RWS HOLDINGS PLC,5.8
RXO INC.,8.5
RYANAIR HOLDINGS PUBLIC LIMITED COMPANY,6.9
RYMAN HEALTHCARE LIMITED,8.5
RYOHIN KEIKAKU CO. LTD.,5.1
Sacyr S.A.,6.0
SAFRAN SA,6.5
SAIPEM S.P.A.,6.7
Shizuoka Financial Group Inc.,4.8
SALESFORCE INC.,8.3
SALMAR ASA,5.3
Salzgitter Aktiengesellschaft,7.8
Sampo Oyj,9.3
Samsara Inc,6.2
SAMSONITE INTERNATIONAL S.A.,6.4
Samsung Electronics Co. Ltd.,8.3
Samsung Engineering Co. Ltd.,6.2
SAMSUNG SECURITIES CO.LTD,7.3
Sandoz Group AG,5.7
SANDRIDGE ENERGY INC.,0.3
SANDS CHINA LTD.,7.0
Sandvik Aktiebolag,7.7
SANKYO CO. LTD.,3.1
SANOFI SA,6.1
Sanoma Oyj,8.2
Sanrio CompanyLtd.,6.6
SANTEN PHARMACEUTICAL CO. LTD.,6.6
SANTOS LIMITED,7.8
Sanwa Holdings Corporation,6.7
SAPPORO HOLDINGS LIMITED,7.0
SAP SE,10.0
SAPUTO INC.,7.1
SARTORIUS STEDIM BIOTECH S.A.,4.4
SASOL LIMITED,5.7
SBI Holdings Inc.,4.1
SBM Offshore N.V.,8.5
SCHIBSTED ASA,7.8
Schindler Holding AG,4.5
Schlumberger N.V.,7.8
SCHNEIDER ELECTRIC SE,10.0
SCHRODERS PLC,8.9
Schweiter Technologies AG,4.5
Schweizerische Nationalbank,7.8907003231
SCIENCE APPLICATIONS INTERNATIONAL CORPORATION,3.7
SCOR SE,7.4
Scout24 SE,6.1
SCREEN Holdings Co.Ltd.,3.4
SCSK Corporation,7.6
SEAGATE TECHNOLOGY HOLDINGS PUBLIC LIMITED COMPANY,8.0
SEALED AIR CORPORATION,6.1
SEB SA,5.2
SECOM CO. LTD.,8.2
Securitas AB,5.0
SEEK LIMITED,7.5
SEGA SAMMY HOLDINGS INC.,9.4
SEI INVESTMENTS COMPANY,2.5
SEIKO EPSON CORPORATION,8.4
Sekisui Chemical Co. Ltd.,8.5
Sekisui House Ltd.,9.6
SEMBCORP INDUSTRIES LTD,7.2
SEMPRA,5.8
SENSATA TECHNOLOGIES HOLDING PLC,6.5
Sensirion Holding AG,6.4
SERCO GROUP PLC,5.6
SERVICENOW INC.,7.9
Seven Bank Ltd.,3.6
SEVEN GROUP HOLDINGS LIMITED,7.3
Seven & i Holdings Co. Ltd.,7.0
SEVERN TRENT PLC,6.9
SFS Group AG,7.7
SG HOLDINGS CO.LTD.,10.0
SGL Carbon SE,8.1
SGS SA,8.8
SHANGRI-LA ASIA LIMITED,6.9
Sharp Corporation,8.3
SHELL PLC,7.6
Shikoku Electric Power Company Incorporated,4.2
Shimadzu Corporation,8.5
SHIMAMURA CO. Ltd.,5.6
SHIMANO INC.,3.5
SHIMIZU CORPORATION,7.3
Shin-Etsu Chemical Co. Ltd.,6.3
SHINHAN FINANCIAL GROUP CO.LTD,8.1
SHINKO ELECTRIC INDUSTRIES CO. LTD.,2.5
Shionogi & Co. Ltd.,8.0
Shiseido Company Limited,7.8
SHOPIFY INC.,8.3
Siegfried Holding AG,7.2
Siemens Aktiengesellschaft,8.2
Siemens Healthineers AG,5.4
SIG Group AG,10.0
SIGNATURE BANK,0.2
SIGNET JEWELERS LIMITED,7.1
Signify N.V.,8.5
Sika AG,8.0
SIME DARBY BERHAD,7.7
SIMS LIMITED,10.0
Sinch AB (publ),8.1
SINGAPORE AIRLINES LIMITED,6.8
SINGAPORE EXCHANGE LIMITED,7.6
SINGAPORE TECHNOLOGIES ENGINEERING LTD,6.7
SINGAPORE TELECOMMUNICATIONS LIMITED,7.4
Sino Land Company Limited,8.4
SITC International Holdings Co Ltd,2.6
SJM Holdings Limited,3.8
Skandinaviska Enskilda Banken AB,7.6
SKAN Group AG,5.9
Skanska AB,5.6
SKYCITY ENTERTAINMENT GROUP LIMITED,6.6
SKY LIMITED,4.7
SKYWORKS SOLUTIONS INC.,5.9
SLM CORPORATION,6.7
SMC CORPORATION,4.8
SMITH & NEPHEW PLC,7.9
SMITHS GROUP PLC,8.2
SNAM S.P.A.,8.4
SNAP INC.,3.6
SNAP-ON INCORPORATED,5.5
SNOWFLAKE INC.,5.5
SOCIETE BIC S.A.,10.0
SOCIETE GENERALE SA,7.9
SODEXO SA,7.0
SOFINA SA,5.6
SoftBank Corp.,9.5
SoftBank Group Corp.,7.6
SoftwareONE Holding AG,6.2
SOHGO SECURITY SERVICES CO.LTD.,6.8
Sojitz Corporation,8.3
SOLAREDGE TECHNOLOGIES INC.,6.5
SOLVAY SA,7.1
Sompo Holdings Inc.,9.7
Sonae SGPS SA,7.0
SONIC HEALTHCARE LIMITED,8.5
Sonova Holding AG,10.0
Sony Group Corporation,10.0
SOUTH32 LIMITED,7.0
SOUTHWEST AIRLINES CO.,3.1
SOUTHWESTERN ENERGY COMPANY,8.3
SPARK NEW ZEALAND LIMITED,8.3
SPECTRIS PLC,7.4
SPECTRUM BRANDS HOLDINGS INC.,6.7
S&P GLOBAL INC.,7.3
SPIRAX-SARCO ENGINEERING PLC,8.4
SPIRENT COMMUNICATIONS PLC,8.4
SQUARE ENIX HOLDINGS CO.LTD.,6.2
SSAB AB,8.3
SS&C TECHNOLOGIES HOLDINGS INC.,2.2
SSE PLC,10.0
Stadler Rail AG,2.9
STANDARD BANK GROUP LIMITED,8.1
STANDARD CHARTERED PLC,8.1
STANLEY BLACK & DECKER INC.,5.5
Stanley Electric Co. Ltd.,7.6
Stantec Inc.,8.1
STARBUCKS CORPORATION,6.7
StarHub Ltd,8.4
STATE STREET CORPORATION,7.2
STEADFAST GROUP LTD,6.2
STEEL DYNAMICS INC.,8.0
Stellantis N.V.,4.1
STERICYCLE INC.,3.2
STERIS PUBLIC LIMITED COMPANY,8.5
St.Galler Kantonalbank AG,6.0
ST. JAMES'S PLACE PLC,8.9
STMicroelectronics N.V.,9.4
Stora Enso Oyj,10.0
STRABAG SE,5.7
Straumann Holding AG,7.2
STRYKER CORPORATION,5.4
SUBARU CORPORATION,5.6
Subsea 7 S.A.,8.2
Suedzucker AG,8.4
Sulzer AG,8.4
SUMCO CORPORATION,6.6
SUMITOMO CHEMICAL COMPANY LIMITED,10.0
SUMITOMO CORPORATION,5.9
Sumitomo Electric Industries Ltd.,4.8
Sumitomo Forestry Co.Ltd.,6.7
SUMITOMO HEAVY INDUSTRIES LTD.,6.5
Sumitomo Metal Mining Co. Ltd.,8.5
Sumitomo Mitsui Financial Group Inc.,7.4
Sumitomo Mitsui Trust Holdings Inc.,7.6
Sumitomo Pharma Co. Ltd.,6.8
Sumitomo Realty & Development Co. Ltd.,6.7
Sumitomo Rubber Industries Ltd.,6.7
Suncor Energy Inc.,6.7
SUNCORP GROUP LIMITED,9.3
SUN HUNG KAI PROPERTIES LIMITED,6.0
SUN LIFE FINANCIAL INC,8.9
SUNPOWER CORPORATION,6.2
SUNRUN INC.,7.1
Suntory Beverage & Food Limited,6.7
SUPER MICRO COMPUTER INC.,2.6
Suruga Bank Ltd.,3.8
SUZUKEN CO.LTD.,6.8
SUZUKI MOTOR CORPORATION,3.4
Svenska Cellulosa Aktiebolaget SCA,10.0
Svenska Handelsbanken AB,8.8
Swedbank AB,7.6
Swedish Orphan Biovitrum AB (publ),6.1
SWIRE PACIFIC LIMITED,8.7
SWIRE PROPERTIES LIMITED,7.4
Swisscom AG,7.7
Swiss Life Holding AG,7.7
Swiss Prime Site AG,7.7
Swissquote Group Holding SA,8.0
Swiss Re AG,10.0
SYDBANK A/S,6.7
SYENSQO SA,7.1
SYLVAMO CORPORATION,5.0
Symrise AG,7.9
SYNCHRONY FINANCIAL,8.5
SYNOPSYS INC.,8.1
SYNOVUS FINANCIAL CORP.,6.0
SYSCO CORPORATION.,7.0
SYSMEX CORPORATION,10.0
TABCORP HOLDINGS LIMITED,8.5
TAIHEIYO CEMENT CORPORATION,6.5
TAISEI CORPORATION,6.9
Taiwan Cement Corp.,6.5
Taiwan Semiconductor Manufacturing Co. Ltd.,10.0
THE BERKELEY GROUP HOLDINGS PLC,9.6
TAIYO YUDEN CO. LTD.,7.1
Takashimaya Company Limited,4.9
Takeda Pharmaceutical Company Limited,7.7
TAKE-TWO INTERACTIVE SOFTWARE INC.,6.2
Talanx Aktiengesellschaft,7.1
TAPESTRY INC.,7.1
TARGA RESOURCES CORP.,8.5
TARGET CORPORATION,8.3
TATE & LYLE PUBLIC LIMITED COMPANY,10.0
TAYLOR WIMPEY PLC,9.1
TBS HOLDINGSINC.,4.4
TC Energy Corporation,7.9
T&D Holdings Inc.,7.7
TDK CORPORATION,7.6
TeamViewer SE,10.0
Tecan Group AG,8.5
TECHNIPFMC PLC,8.2
TECHTRONIC INDUSTRIES COMPANY LIMITED,3.2
TE Connectivity Ltd.,7.1
TEGNA INC.,8.2
TEIJIN LIMITED,10.0
TELADOC HEALTH INC.,7.9
Tele2 AB,10.0
TELECOM ITALIA SPA,6.3
TELEDYNE TECHNOLOGIES INCORPORATED,6.2
TELEFLEX INCORPORATED,7.9
Telefonaktiebolaget LM Ericsson,6.8
Telefonica S.A.,5.8
Telekom Austria Aktiengesellschaft,6.0
TELENOR ASA,9.8
TELEPERFORMANCE SE,6.3
TELEPHONE AND DATA SYSTEMS INC.,6.3
TELEVISION FRANCAISE 1 S.A.,8.4
Telia Company AB,10.0
TELSTRA GROUP LIMITED,8.4
TELUS Corporation,7.2
TEMENOS AG,10.0
TENARIS S.A.,3.1
TERADATA CORPORATION,8.3
TERADYNE INC.,6.9
TEREX CORPORATION,7.9
TERNA - RETE ELETTRICA NAZIONALE SOCIETA PER AZIONI,8.7
TERUMO CORPORATION,7.4
TESCO PLC,8.5
TESSENDERLO GROUP NV,3.2
TEVA PHARMACEUTICAL INDUSTRIES LIMITED,4.1
TEXAS INSTRUMENTS INCORPORATED,10.0
Texas Pacific Land Corp,4.2
TEXTRON INC.,6.3
TFI International Inc.,4.1
TFS FINANCIAL CORPORATION,1.9
THALES SA,6.1
The 77 Bank Ltd.,2.9
THE AES CORPORATION,8.5
THE ALLSTATE CORPORATION,4.7
The Bank of East Asia Limited,5.5
The Bank of New York Mellon Corporation,8.1
THE BANK OF NOVA SCOTIA,10.0
THE BOEING COMPANY,4.5
THE BOSTON BEER COMPANY INC.,2.8
THE CARLYLE GROUP INC.,5.3
THE CHARLES SCHWAB CORPORATION,5.4
The Chiba Bank Ltd.,4.3
The Chugoku Electric Power Company Incorporated,4.4
THE CIGNA GROUP,8.5
THE CLOROX COMPANY,10.0
THE COCA-COLA COMPANY,8.7
THE COOPER COMPANIES INC.,8.5
The Descartes Systems Group Inc.,8.1
THE ESTEE LAUDER COMPANIES INC.,6.4
THE GAP INC.,8.0
THE GOLDMAN SACHS GROUP INC.,6.6
THE GOODYEAR TIRE & RUBBER COMPANY,4.8
The Gunma Bank Ltd.,3.8
The Hachijuni Bank Ltd.,2.4
THE HARTFORD FINANCIAL SERVICES GROUP INC.,6.9
THE HERSHEY COMPANY,6.8
THE HOME DEPOT INC.,8.5
THE HONG KONG AND CHINA GAS COMPANY LIMITED,6.4
THE INTERPUBLIC GROUP OF COMPANIES INC.,7.6
THE JAPAN STEEL WORKSLTD.,3.9
THE J. M. SMUCKER COMPANY,6.3
The Kansai Electric Power Company Incorporated,4.2
THE KRAFT HEINZ COMPANY,8.4
THE KROGER CO.,8.2
THE LOTTERY CORPORATION LIMITED,7.9
THE MIDDLEBY CORPORATION,3.9
THE MOSAIC COMPANY,6.3
THE PNC FINANCIAL SERVICES GROUP INC.,7.6
THE PROCTER & GAMBLE COMPANY,6.7
THE PROGRESSIVE CORPORATION,6.7
THE RANK GROUP PLC,8.57
THERMO FISHER SCIENTIFIC INC.,5.4
THE SAGE GROUP PLC.,10.0
THE SHERWIN-WILLIAMS COMPANY,6.3
THE SOUTHERN COMPANY,5.8
THE STAR ENTERTAINMENT GROUP LIMITED,5.1
The Swatch Group AG,3.0
THE TATA POWER COMPANY LIMITED,5.7
THE TJX COMPANIES INC.,6.0
THE TORO COMPANY,7.6
THE TRADE DESK INC.,2.4
The Travelers Companies Inc.,7.0
THE WALT DISNEY COMPANY,7.1
THE WESTERN UNION COMPANY,6.3
THE WILLIAMS COMPANIES INC.,6.8
The Yokohama Rubber Company Limited,5.5
THK CO.LTD.,5.8
THOMSON REUTERS CORPORATION,6.8
Thungela Resources Ltd,5.5
Thurgauer Kantonalbank,6.2
thyssenkrupp AG,7.6
Tietoevry Oyj,6.9
TIS Inc.,7.8
T-MOBILE US INC.,3.0
TMX Group Limited,8.0
TOAST INC.,4.6
TOBU RAILWAY CO. LTD.,8.2
TOHO CO. LTD.,3.3
TOHO GAS CO. LTD.,6.4
Tohoku Electric Power Company Incorporated,4.4
Tokio Marine Holdings Inc.,8.3
Tokuyama Corporation,3.9
Tokyo Century Corporation,8.3
Tokyo Electric Power Company Holdings Incorporated,0.6
Tokyo Electron Limited,8.4
TOKYO GAS CO.LTD.,8.5
TOKYO STEEL MANUFACTURING CO. LTD.,4.8
Tokyo Tatemono Co. Ltd.,6.9
TOKYU CORPORATION,8.5
CRH PUBLIC LIMITED COMPANY,10.0
CRODA INTERNATIONAL PUBLIC LIMITED COMPANY,9.6
CROWDSTRIKE HOLDINGS INC.,4.8
CROWN HOLDINGS INC.,6.1
CSL LIMITED,8.2
CSPC PHARMACEUTICAL GROUP LIMITED,5.9
CSX Corporation,6.5
CTBC Financial Holding Co. Ltd.,8.3
CTS EVENTIM AG & Co. KGaA,4.4
CUMMINS INC.,8.8
CURRYS PLC,4.8
CVS HEALTH CORPORATION,5.5
CyberAgentInc.,6.7
CYBERARK SOFTWARE LTD.,7.6
Daetwyler Holding AG,6.1
Daicel Corporation,7.1
Daido Steel Co. Ltd.,5.7
DAIFUKU CO.LTD.,8.5
Dai-ichi Life Holdings Inc.,4.9
Intershop Holding AG,4.5
DAIICHI SANKYO COMPANY LIMITED,8.0
DAIKIN INDUSTRIESLTD.,8.1
Daimler Truck Holding AG,6.2
Dai Nippon Printing Co. Ltd.,7.8
DAITO TRUST CONSTRUCTION CO.LTD.,6.7
DAIWA HOUSE INDUSTRY CO.LTD.,7.6
Daiwa Securities Group Inc.,10.0
DANAHER CORPORATION,8.2
DANONE SA,9.5
DANSKE BANK A/S,5.0
DARDEN RESTAURANTS INC.,5.2
DARLING INGREDIENTS INC.,8.4
DASSAULT AVIATION SA,2.7
DASSAULT SYSTEMES SE,10.0
DATADOG INC.,6.0
Davide Campari-Milano N.V.,7.0
DAVITA INC.,8.5
DB INSURANCE CO.LTD,6.3
DBS GROUP HOLDINGS LTD,6.9
DCC PUBLIC LIMITED COMPANY,10.0
DECHRA PHARMACEUTICALS PLC,10.0
DECKERS OUTDOOR CORPORATION,10.0
DEERE & COMPANY,7.4
DELEK GROUP LTD.,3.6
Delivery Hero SE,6.2
DELL TECHNOLOGIES INC.,7.1
DELTA AIR LINES INC.,7.9
Demant A/S,8.5
DeNA Co. Ltd.,5.1
Denka Company Limited,7.8
DENSO CORPORATION,4.4
DENTSPLY SIRONA INC.,6.7
DENTSU GROUP INC.,5.6
DETERRA ROYALTIES LIMITED,7.4
Deutsche Bank Aktiengesellschaft,7.1
Deutsche Boerse Aktiengesellschaft,8.8
Deutsche EuroShop AG,4.7
Deutsche Lufthansa Aktiengesellschaft,7.9
Deutsche Post AG,5.8
Deutsche Telekom AG,5.3
Deutsche Wohnen SE,7.4
DEVON ENERGY CORPORATION,6.0
DEXCOM INC.,6.4
DIAGEO PLC,10.0
DIAMONDBACK ENERGY INC.,6.7
DIASORIN S.P.A.,4.4
DIC Corporation,6.5
DICK'S SPORTING GOODS INC.,6.5
D'Ieteren Group NV,8.0
DIGITALBRIDGE GROUP INC.,4.2
DIRECT LINE INSURANCE GROUP PLC,9.3
DISCO CORPORATION,6.9
DISCOVER FINANCIAL SERVICES,8.1
DISH NETWORK CORPORATION,0.9
Distribuidora Internacional de Alimentacion S.A.,3.0
DKSH Holding AG,4.9
DNB BANK ASA,9.3
DocMorris AG,7.6
DOCUSIGN INC.,7.6
DOLBY LABORATORIES INC.,7.9
DOLLARAMA INC.,6.7
DOLLAR GENERAL CORPORATION,6.1
DOLLAR TREE INC.,7.0
Dominion Energy Inc.,7.5
Domino's Pizza Enterprises Ltd,5.7
DOMINO'S PIZZA INC.,5.7
DOORDASH INC.,4.7
dormakaba Holding AG,8.5
DOVER CORPORATION,8.1
DOW INC.,8.4
DOWLAIS GROUP PLC,6.7
DRAFTKINGS INC.,5.1
DRAX GROUP PLC,5.8
D.R. HORTON INC.,6.5
DROPBOX INC.,7.1
DSM B.V.,10.0
DSM-Firmenich AG,10.0
DS SMITH PLC,7.4
DSV A/S,7.6
DTE ENERGY COMPANY,8.0
DT MIDSTREAM INC.,7.4
DUKE ENERGY CORPORATION,7.6
DUPONT DE NEMOURS INC.,7.1
DXC TECHNOLOGY COMPANY,8.0
DYNATRACE INC.,6.9
East Japan Railway Company,6.9
EASTMAN CHEMICAL COMPANY,5.9
EASYJET PLC,8.5
EATON CORPORATION PUBLIC LIMITED COMPANY,6.5
EBARA CORPORATION,9.2
EBAY INC.,6.2
EBOS GROUP LIMITED,10.0
Ebro Foods S.A,5.5
ECOLAB INC.,9.4
EDENRED SE,7.6
Edgewell Personal Care Company,5.1
EDISON INTERNATIONAL,7.1
EDP - Energias de Portugal S.A.,10.0
EDP Renovaveis S.A.,8.0
eDreams ODIGEO S.A.,10.0
EDWARDS LIFESCIENCES CORPORATION,9.2
EFG International AG,5.0
EIFFAGE SA,7.7
Eisai Co. Ltd.,8.4
ELANCO ANIMAL HEALTH INCORPORATED,6.6
ELBIT SYSTEMS LTD,7.5
Electric Power Development Co. Ltd.,4.4
Electrolux Professional AB (publ),8.5
ELECTRONIC ARTS INC.,8.4
Elekta AB (publ),5.9
Element Fleet Management Corp.,7.6
ELEVANCE HEALTH INC.,8.5
ELIA GROUP SA,8.5
ELI LILLY AND COMPANY,7.0
Elisa Oyj,10.0
ELIS SA,6.6
EMBECTA CORP.,8.5
Embracer Group AB,5.1
EMCOR GROUP INC.,7.9
EMERA INCORPORATED,7.2
EMERSON ELECTRIC CO.,5.8
Emmi AG,6.1
EMPIRE COMPANY LIMITED,5.2
EMS-CHEMIE HOLDING AG,3.1
Enagas S.A.,7.3
Enbridge Inc.,8.1
ENDEAVOUR GROUP LIMITED,8.1
ENDEAVOUR MINING PLC,7.7
Endesa Sociedad Anonima,9.1
ENEL - SPA,8.7
ENEOS Holdings Inc.,7.8
Energizer Holdings Inc.,6.7
ENGIE SA,8.0
ENI S.P.A.,6.4
ENPHASE ENERGY INC.,8.5
Ensign Energy Services Inc.,2.7
Entain plc,8.57
ENTEGRIS INC.,5.9
ENTERGY CORPORATION,6.7
ENVIRI CORPORATION,3.0
ENVISTA HOLDINGS CORPORATION,7.7
EOG RESOURCES INC.,6.1
E.ON SE,7.5
EPAM SYSTEMS INC.,5.0
Epiroc Aktiebolag,8.5
EQT AB,8.3
EQT CORPORATION,8.3
EQUIFAX INC.,4.3
EQUINOR ASA,10.0
EQUITABLE HOLDINGS INC,6.0
ERAMET SA,6.8
ERIE INDEMNITY COMPANY,1.7
Erste Group Bank AG,7.6
ESR Group Limited,6.2
Essential Utilities Inc.,7.5
ESSILORLUXOTTICA SA,8.2
Essity Aktiebolag (publ),9.1
ETSY INC.,5.8
EURAZEO SE,8.5
EUROAPI SA,5.7
EUROBANK ERGASIAS SERVICES AND HOLDINGS S.A.,6.7
EUROFINS SCIENTIFIC SE,7.4
EURONAV NV,5.1
Euronext N.V.,6.8
EUTELSAT COMMUNICATIONS S.A.,6.3
Everest Group Ltd.,5.2
Evergy Inc.,7.1
Eversource Energy,8.2
Evolution AB (publ),8.1
EVOLUTION MINING LIMITED,8.3
Evonik Industries AG,7.8
EVRAZ PLC,3.7
EXACT SCIENCES CORPORATION,7.1
EXELON CORPORATION,7.6
EXOR N.V.,4.6
EXPEDIA GROUP INC.,1.5
EXPEDITORS INTERNATIONAL OF WASHINGTON INC,10.0
EXPERIAN PLC,6.1
EXXON MOBIL CORPORATION,4.5
F5 INC.,6.5
FACTSET RESEARCH SYSTEMS INC.,8.3
FAES FARMA S.A.,5.9
FAIRFAX FINANCIAL HOLDINGS LIMITED,3.3
FAIR ISAAC CORPORATION,7.4
FANUC CORPORATION,10.0
Far Eastern New Century Corporation,4.6
FASTENAL COMPANY,6.3
Fastighets AB Balder,3.0
FAST RETAILING CO. LTD.,8.5
Federal National Mortgage Association,6.8
FEDEX CORPORATION,6.3
Ferrari N.V.,3.1
Ferrovial SE,6.7
F&G ANNUITIES & LIFE INC.,2.0
FIDELITY NATIONAL FINANCIAL INC.,3.7
FIDELITY NATIONAL INFORMATION SERVICES INC.,7.8
FIFTH THIRD BANCORP,6.7
FIH MOBILE LIMITED,2.4
FINECOBANK BANCA FINECO S.P.A.,7.6
FINNING INTERNATIONAL INC.,8.5
FIRST AMERICAN FINANCIAL CORPORATION,6.3
FIRST CITIZENS BANCSHARES INC.,3.3
FIRSTENERGY CORP.,5.7
FIRSTGROUP PLC,8.5
FIRST HORIZON CORPORATION,4.8
FIRST PACIFIC COMPANY LIMITED,4.2
FIRST QUANTUM MINERALS LTD.,8.5
FIRST REPUBLIC BANK,2.9
FIRSTSERVICE CORPORATION,7.0
FIRST SOLAR INC.,8.1
FISERV INC.,6.3
FISHER & PAYKEL HEALTHCARE CORPORATION LIMITED,5.4
FLETCHER BUILDING LIMITED,8.5
FLEX LTD.,7.6
FLOWSERVE CORPORATION,7.1
Flow Traders Ltd,6.8
FLSMIDTH & CO. A/S,8.2
Flughafen Zuerich AG,7.1
FLUOR CORPORATION.,4.0
FLUTTER ENTERTAINMENT PUBLIC LIMITED COMPANY,8.3
FMC CORPORATION,6.9
FNAC DARTY SA,8.0
Fomento de Construcciones y Contratas S.A.,5.0
FOOD & LIFE COMPANIES LTD.,2.3
FOOT LOCKER INC.,8.3
Forbo Holding AG,5.8
FORD MOTOR COMPANY,3.1
FORTESCUE LTD,7.3
FORTINET INC.,5.2
Fortis Inc.,7.8
FORTIVE CORPORATION,7.4
FORTREA HOLDINGS INC.,7.7
Fortum Oyj,6.0
FORTUNE BRANDS INNOVATIONS INC.,9.7
FORVIA SE,7.0
FOSSIL GROUP INC.,8.5
FOX CORPORATION,7.1
Franco-Nevada Corporation,8.2
FRANKLIN RESOURCES INC.,5.8
Fraport AG Frankfurt Airport Services Worldwide,8.2
FRASERS GROUP PLC,6.6
Freddie Mac,2.9
FREEPORT-MCMORAN INC.,5.7
Fresenius Medical Care AG,5.9
Fresenius SE & Co. KGaA,6.3
FRESNILLO PLC,3.4
FTI CONSULTING INC.,7.8
FUJI ELECTRIC CO. LTD.,8.1
FUJIFILM Holdings Corporation,8.3
FUJI MEDIA HOLDINGS INC.,2.9
Fujitsu Limited,10.0
Fukuoka Financial Group Inc.,5.0
Furukawa Electric Co. Ltd.,4.6
GALAPAGOS NV,4.6
Galaxy Entertainment Group Limited,6.6
Galenica AG,10.0
Galp Energia SGPS S.A.,10.0
GAMESTOP CORP.,5.0
GAMUDA BERHAD,5.6
Garmin Ltd.,4.5
GARRETT MOTION INC.,5.5
GARTNER INC.,8.3
GAZTRANSPORT ET TECHNIGAZ SA,5.1
GEA Group Aktiengesellschaft,9.4
Geberit AG,7.7
GE HEALTHCARE TECHNOLOGIES INC.,6.7
GEN DIGITAL INC.,8.3
GENERAC HOLDINGS INC.,6.9
GENERAL DYNAMICS CORPORATION,6.7
GENERAL ELECTRIC COMPANY,6.9
GENERAL MILLS INC.,9.7
GENERAL MOTORS COMPANY,4.7
GENMAB A/S,8.2
GENTING SINGAPORE LIMITED,5.5
GENUINE PARTS COMPANY,6.5
GENWORTH FINANCIAL INC.,3.0
GEORGE WESTON LIMITEE.,7.6
Georg Fischer AG,8.4
Getinge AB,4.1
GETLINK S.E.,7.8
GFL ENVIRONMENTAL INC.,2.6
GILDAN ACTIVEWEAR INC,8.0
GILEAD SCIENCES INC.,10.0
Gimv NV,3.9
Givaudan SA,9.4
GJENSIDIGE FORSIKRING ASA,10.0
GLENCORE PLC,5.3
Global-E Online Ltd,4.4
GLOBAL PAYMENTS INC.,4.6
GLOBE LIFE INC.,3.4
GMO Payment Gateway Inc.,5.4
GN STORE NORD A/S,7.9
GODADDY INC.,6.4
GOLDEN AGRI-RESOURCES LTD,4.2
GRAB HOLDINGS LIMITED,8.5
GRACO INC,7.4
GRAHAM HOLDINGS COMPANY,2.1
Graubuendner Kantonalbank,7.6
GREAT-WEST LIFECO INC.,6.0
GREEInc.,6.2
GREEK ORGANISATION OF FOOTBALL PROGNOSTICS S.A.,8.5
GREENCORE GROUP PUBLIC LIMITED COMPANY,7.6
Grifols S.A.,4.6
GROEP BRUSSEL LAMBERT NV,6.1
Grupo Financiero Banorte S.A.B. de C.V.,7.4
GSK PLC,7.5
GS Yuasa Corporation,5.4
GUIDEWIRE SOFTWARE INC.,8.5
GUNZE LIMITED,4.6
Gurit Holding AG,7.1
GXO LOGISTICS INC.,8.2
HAKUHODO DY HOLDINGS INCORPORATED,5.6
HALEON PLC,5.1
HALLIBURTON COMPANY,6.1
HALMA PUBLIC LIMITED COMPANY,7.4
Halyk Bank of Kazakhstan Joint Stock Company,4.0
HAMAMATSU PHOTONICS K.K.,5.6
Hamburger Hafen und Logistik Aktiengesellschaft,6.4
HANG LUNG GROUP LIMITED,6.3
HANG LUNG PROPERTIES LIMITED,8.1
Hang Seng Bank Limited,7.6
Hankyu Hanshin Holdings Inc.,10.0
Hannover Rueck SE,6.7
HANWHA AEROSPACE CO. LTD.,6.7
HANWHA CORP,5.4
HARGREAVES LANSDOWN PLC,5.9
HARLEY-DAVIDSON INC.,10.0
Harmonic Drive Systems Inc.,2.6
HARMONY GOLD MINING COMPANY LIMITED,2.6
HARVEY NORMAN HOLDINGS LTD,5.5
Hasbro Inc.,10.0
HASEKO Corporation,4.9
HAYS PLC,8.0
H.B. FULLER COMPANY,6.9
HCA HEALTHCARE INC.,7.6
HDC HOLDINGS CO.Ltd,3.3
HEICO CORPORATION,4.9
Heidelberger Druckmaschinen Aktiengesellschaft,5.2
Heidelberg Materials AG,8.3
Heineken Holding N.V.,7.0
Heineken N.V.,7.8
HELLENIC TELECOMMUNICATIONS ORGANIZATION S.A.,7.0
HELLENiQ ENERGY Holdings Societe Anonyme,4.5
HelloFresh SE,7.6
HELMERICH & PAYNE INC.,3.5
Helvetia Holding AG,6.9
HENDERSON LAND DEVELOPMENT COMPANY LIMITED,5.3
Henkel AG & Co. KGaA,9.6
HENRY SCHEIN INC.,7.6
HERBALIFE LTD.,4.7
HERC HOLDINGS INC.,7.6
HERMES INTERNATIONAL S.C.A.,7.8
HESS CORPORATION,10.0
HEWLETT PACKARD ENTERPRISE COMPANY,10.0
Hexagon Aktiebolag,6.0
HF SINCLAIR CORPORATION,5.5
HIKARI TSUSHIN INC.,4.9
HIKMA PHARMACEUTICALS PUBLIC LIMITED COMPANY,7.0
HILTON WORLDWIDE HOLDINGS INC.,5.9
HINO MOTORS LTD.,5.6
HIROSE ELECTRIC CO. LTD.,7.1
HISAMITSU PHARMACEUTICAL CO.INC.,3.9
HISCOX LTD,8.3
Hitachi Construction Machinery Co. Ltd.,8.2
Hitachi Ltd.,8.5
H & M Hennes & Mauritz AB,7.8
HOCHTIEF Aktiengesellschaft,9.2
Hokkaido Electric Power Company Incorporated,3.3
Hokuhoku Financial Group Inc.,4.8
Hokuriku Electric Power Company,2.2
Holcim AG,7.9
Holmen Aktiebolag,7.6
HOLOGIC INC.,7.7
HONDA MOTOR CO. LTD.,8.1
Hong Kong Exchanges and Clearing Limited,8.0
Hongkong Land Holdings Limited,5.1
HON HAI PRECISION INDUSTRY CO. LTD.,3.2
HORIBALtd.,5.0
HORMEL FOODS CORPORATION,8.4
HOSHIZAKI CORPORATION,6.5
HOWMET AEROSPACE INC.,5.7
HP INC.,8.1
H & R BLOCK INC.,7.1
HSBC HOLDINGS PLC,7.4
HTC Corporation,4.2
HUBBELL INCORPORATED,6.9
Huber+Suhner AG,5.4
HUBSPOT INC.,8.3
HUGO BOSS AG,8.5
H.U. Group Holdings Inc.,9.8
Huhtamaki Oyj,6.4
Hulic Co.Ltd.,6.5
HUMANA INC.,7.14
HUNTINGTON BANCSHARES INCORPORATED,7.6
HUNTINGTON INGALLS INDUSTRIES INC.,8.4
HUNTSMAN CORPORATION,5.7
Husqvarna AB,8.2
HYATT HOTELS CORPORATION,4.6
HYDRO ONE LIMITED,7.3
HYSAN DEVELOPMENT COMPANY LIMITED,6.7
HYUNDAI MIPO DOCKYARD CO.LTD,4.1
IAC INC.,1.9
IA FINANCIAL CORPORATION INC,8.0
IAMGOLD CORPORATION,8.5
Iberdrola S.A.,9.3
IBIDEN CO.LTD.,10.0
ICL GROUP LTD,4.5
Idemitsu Kosan Co.Ltd.,7.3
IDEX CORPORATION,8.1
IDEXX LABORATORIES INC.,10.0
Idorsia Ltd,6.4
IDP EDUCATION LIMITED,8.2
IG GROUP HOLDINGS PLC,5.9
IGM FINANCIAL INC,6.9
IGO LIMITED,8.5
IHI Corporation,8.4
Iida Group Holdings Co.Ltd.,3.6
ILLINOIS TOOL WORKS INC.,6.8
ILLUMINA INC.,5.9
ILUKA RESOURCES LIMITED,8.5
IMCD N.V.,6.8
IMERYS SA,8.5
IMI PLC,8.4
IMPALA PLATINUM HOLDINGS LIMITED,6.9
IMPERIAL BRANDS PLC,6.1
IMPERIAL OIL LTD,6.7
Implenia AG,10.0
INCITEC PIVOT LIMITED,7.5
INCYTE CORPORATION,7.1
Indra Sistemas S.A.,7.6
INDUS Holding Aktiengesellschaft,5.4
INDUSIND BANK LTD.,5.0
Industria de Diseno Textil S.A.,8.0
Indutrade Aktiebolag,7.1
INFICON HOLDING AG,7.6
Infineon Technologies AG,8.4
INFORMA PLC,9.3
INFRASTRUTTURE WIRELESS ITALIANE S.P.A.,6.2
INFRATIL LIMITED,7.1
INGERSOLL RAND INC.,7.4
INGEVITY CORPORATION,5.5
ING Groep N.V.,7.9
INGREDION INCORPORATED,7.9
INPEX CORPORATION,8.3
InPost S.A.,6.6
INSULET CORPORATION,7.4
INSURANCE AUSTRALIA GROUP LIMITED,8.57
INTACT FINANCIAL CORP,8.0
INTEL CORPORATION,10.0
INTERCONTINENTAL EXCHANGE INC.,5.9
INTERCONTINENTAL HOTELS GROUP PLC,7.2
INTERNATIONAL BUSINESS MACHINES CORPORATION,8.4
International Consolidated Airlines Group S.A.,4.7
INTERNATIONAL DISTRIBUTIONS SERVICES PLC,8.4
INTERNATIONAL FLAVORS & FRAGRANCES INC.,8.4
INTERNATIONAL GAME TECHNOLOGY PLC,10.0
INTERNATIONAL PAPER COMPANY,8.3
Interroll Holding AG,7.0
INTERTEK GROUP PLC,9.0
INTESA SANPAOLO SPA,8.1
INTUIT INC.,9.0
INTUITIVE SURGICAL INC.,6.4
INVESCO LTD.,7.8
INVESTEC PLC,8.8
Investmentaktiebolaget Latour,6.7
Investor Aktiebolag,6.6
IPG PHOTONICS CORPORATION,5.6
IPSEN SA,6.1
IQVIA HOLDINGS INC,8.2
Isetan Mitsukoshi Holdings Ltd.,8.5
ISRAEL CORPORATION LTD.,5.1
ISRAEL DISCOUNT BANK LIMITED,4.5
Tokyu Fudosan Holdings Corporation,8.2
TOLL BROTHERS INC.,5.6
TOPDANMARK A/S,9.7
TOPPAN Holdings Inc.,6.8
TORAY INDUSTRIES INC.,10.0
TOROMONT INDUSTRIES LTD,5.9
TORONTO-DOMINION BANK,8.3
TOSOH CORPORATION,5.9
TotalEnergies SE,8.5
TOTO LTD.,8.2
TOWER SEMICONDUCTOR LTD,4.1
TOYODA GOSEI CO. LTD.,3.3
Toyo Seikan Group Holdings Ltd.,6.1
TOYO SUISAN KAISHA LTD.,6.1
TOYOTA BOSHOKU CORPORATION,2.4
TOYOTA INDUSTRIES CORPORATION,3.2
TOYOTA MOTOR CORPORATION,5.9
TOYOTA TSUSHO CORPORATION,3.2
TRACTOR SUPPLY COMPANY,8.5
TRADEWEB MARKETS INC.,3.4
TRANE TECHNOLOGIES PLC,10.0
TransAlta Corporation,7.3
TRANSDIGM GROUP INCORPORATED,2.9
Transocean Ltd.,3.5
TRANSUNION,7.0
TRAVIS PERKINS PLC,7.6
TREASURY WINE ESTATES LIMITED,7.0
Trelleborg AB,5.5
Trend Micro Incorporated,6.7
TRICAN WELL SERVICE LTD.,5.5
TRIMBLE INC.,8.5
TRIPADVISOR INC.,3.1
T. ROWE PRICE GROUP INC.,5.3
Truist Financial Corporation,6.9
TRYG A/S,8.3
TSUMURA & CO.,6.1
TSURUHA HOLDINGS INC.,3.9
TULLOW OIL PLC,7.1
TURKIYE GARANTI BANKASI ANONIM SIRKETI,4.8
TWILIO INC.,7.6
TX Group AG,2.4
TYLER TECHNOLOGIES INC.,5.5
TYSON FOODS INC.,5.5
UBE Corporation,6.1
UBER TECHNOLOGIES INC.,5.8
UBISOFT ENTERTAINMENT SA,8.0
u-blox Holding AG,6.9
UBS Group AG,8.5
UCB SA,7.3
UGI CORPORATION,10.0
U-Haul Holding Company,4.7
UIPATH INC.,7.9
ULTA BEAUTY INC.,8.0
UMICORE SA,7.3
UMW HOLDINGS BERHAD,7.4
UNDER ARMOUR INC.,5.8
UNICAJA BANCO S.A.,5.5
UNICHARM CORPORATION,8.0
UNICREDIT SOCIETA PER AZIONI,7.9
UNILEVER PLC,8.6
UNION PACIFIC CORPORATION,7.5
UNIPOL GRUPPO S.P.A.,6.7
UNIPOLSAI ASSICURAZIONI S.P.A.,6.4
UNITED AIRLINES HOLDINGS INC.,3.2
UNITEDHEALTH GROUP INCORPORATED,8.5
United Internet AG,7.0
UNITED OVERSEAS BANK LIMITED,8.1
UNITED PARCEL SERVICE INC.,7.1
UNITED RENTALS INC.,7.6
UNITED STATES STEEL CORPORATION,5.1
UNITED THERAPEUTICS CORPORATION,4.6
UNITED UTILITIES GROUP PLC,6.2
Unity Software Inc,4.3
UNIVERSAL HEALTH SERVICES INC.,0.7
Universal Music Group N.V.,7.6
UNUM GROUP,5.1
UOL GROUP LIMITED,7.3
UPM-Kymmene Oyj,10.0
Upstart Holdings Inc,3.3
URBAN OUTFITTERS INC.,4.9
U.S. BANCORP,6.2
USHIO INC.,8.1
USS Co. Ltd.,8.5
VAIL RESORTS INC.,8.5
VALEO SE,10.0
VALERO ENERGY CORPORATION,7.1
Valiant Holding AG,6.0
VAT Group AG,8.4
VEDANTA RESOURCES LIMITED,2.3
VEEVA SYSTEMS INC.,6.8
VENTURE CORPORATION LIMITED,7.1
VEOLIA ENVIRONNEMENT SA,7.0
VERALTO CORPORATION,9.4
VERBUND AG,10.0
VERISIGN INC.,6.0
VERISK ANALYTICS INC.,5.9
VERIZON COMMUNICATIONS INC.,7.2
Vermilion Energy Inc.,10.0
VERTEX PHARMACEUTICALS INCORPORATED,6.4
VERTIV HOLDINGS CO,5.4
VESTAS WIND SYSTEMS A/S,9.6
Vetropack Holding SA,1.7
V.F. CORPORATION,9.8
VIATRIS INC.,4.1
VICAT SA,4.2
VICTORIA'S SECRET & CO.,6.3
VIENNA INSURANCE GROUP AG Wiener Versicherung Gruppe,4.7
VINCI SA,6.3
VISA INC.,7.1
VISTRA CORP.,4.2
Vitasoy International Holdings Ltd,7.1
VIVENDI SE,6.0
VMWARE LLC,8.3
VODAFONE GROUP PUBLIC LIMITED COMPANY,6.7
voestalpine AG,7.0
VOLKSWAGEN AKTIENGESELLSCHAFT,1.6
Volvo Car AB,6.6
Vonovia SE,6.7
VONTIER CORPORATION,7.4
Vontobel Holding AG,7.8
VOYA FINANCIAL INC.,6.3
VULCAN MATERIALS COMPANY,6.2
VZ Holding AG,3.1
V-ZUG Holding AG,8.57
Wacker Chemie AG,4.3
WALGREENS BOOTS ALLIANCE INC.,7.3
WALMART INC.,5.5
WARNER BROS. DISCOVERY INC.,4.7
WARNER MUSIC GROUP CORP.,5.6
Wartsila Oyj Abp,10.0
WASHINGTON H. SOUL PATTINSON AND COMPANY LIMITED,3.4
WASTE CONNECTIONS INC.,5.6
WASTE MANAGEMENT INC.,5.8
WATERS CORPORATION,9.0
WATSCO INC.,5.9
WAYFAIR INC.,4.8
WEATHERFORD INTERNATIONAL PUBLIC LIMITED COMPANY,7.1
WEBSTER FINANCIAL CORPORATION,5.2
WEC ENERGY GROUP INC.,7.5
WEIR GROUP PLC(THE),8.4
WELCIA HOLDINGS CO.LTD.,6.7
WELLS FARGO & COMPANY,2.9
WENDEL SE,8.3
WESFARMERS LIMITED,6.8
WESTERN DIGITAL CORPORATION,8.1
West Fraser Timber Co. Ltd.,8.2
WESTINGHOUSE AIR BRAKE TECHNOLOGIES CORPORATION,6.2
West Japan Railway Company,8.0
WESTLAKE CORPORATION,4.6
WESTPAC BANKING CORPORATION,6.9
WEST PHARMACEUTICAL SERVICES INC.,7.9
WHARF REAL ESTATE INVESTMENT COMPANY LIMITED,5.6
Wheaton Precious Metals Corp.,8.4
WH GROUP LIMITED,5.0
WHIRLPOOL CORPORATION,9.0
WHITBREAD PLC,7.9
WHITE MOUNTAINS INSURANCE GROUP LTD.,4.0
Wienerberger AG,10.0
WILLIAMS-SONOMA INC.,10.0
Willis Towers Watson Public Limited Company,6.7
WILMAR INTERNATIONAL LIMITED,8.4
Wise PLC,6.3
WISETECH GLOBAL LIMITED,7.6
Wistron Corporation,6.3
WIX.COM LTD,8.3
WM MORRISON SUPERMARKETS LIMITED,6.1
Wolfspeed Inc.,8.4
Wolters Kluwer N.V.,8.8
WOODSIDE ENERGY GROUP LTD,10.0
WOOLWORTHS GROUP LIMITED,7.0
WORKDAY INC.,9.5
WORLDLINE SA,8.0
WORLEY LIMITED,8.3
WPP PLC,8.4
W. R. BERKLEY CORPORATION,3.3
WSP GLOBAL INC.,7.9
W.W. GRAINGER INC.,8.8
Wynn Macau Limited,4.0
WYNN RESORTS LIMITED,3.6
Xcel Energy Inc.,8.0
XERO LIMITED,8.3
Xerox Holdings Corp,8.3
Xinjiang Zhongtai Chemical Co. Ltd.,5.1
XINYI GLASS HOLDINGS LIMITED,1.6
XPO INC.,6.7
XYLEM INC.,9.0
YAKULT HONSHA CO.LTD.,5.5
YAMADA HOLDINGS CO.LTD.,7.8
Yamaguchi Financial Group Inc.,5.2
YAMAHA CORPORATION,10.0
Yamaha Motor Co. Ltd.,10.0
YAMANA GOLD INC.,7.1
YAMATO HOLDINGS CO.LTD.,7.6
YAMATO KOGYO CO.LTD.,4.0
YAMAZAKI BAKING CO. LTD.,4.2
Yangzijiang Shipbuilding (Holdings) Ltd.,4.1
YARA INTERNATIONAL ASA,7.3
YASKAWA Electric Corporation,10.0
YIT Oyj,8.4
Yokogawa Electric Corporation,10.0
Ypsomed Holding AG,6.9
YUE YUEN INDUSTRIAL (HOLDINGS) LIMITED,4.3
YUM! Brands Inc.,5.2
YUM CHINA HOLDINGS INC.,8.0
YUNNAN BAIYAO GROUP CO. LTD,7.1
Yunnan Energy New Material Co. Ltd.,7.0
Zalando SE,8.5
Zealand Pharma A/S,4.3
ZEBRA TECHNOLOGIES CORPORATION,6.8
Zehnder Group AG,6.1
ZENSHO HOLDINGS CO.LTD.,4.3
ZILLOW GROUP INC.,4.2
ZIM INTEGRATED SHIPPING SERVICES LTD,4.4
ZIMMER BIOMET HOLDINGS INC.,8.5
ZIMVIE INC.,7.6
ZIONS BANCORPORATION NATIONAL ASSOCIATION,5.5
ZOETIS INC.,10.0
ZOOMINFO TECHNOLOGIES INC.,8.3
ZOOM VIDEO COMMUNICATIONS INC.,5.0
ZOZO Inc.,8.3
ZSCALER INC.,7.3
Zuger Kantonalbank,5.0
Zurich Insurance Group AG,9.3
